,probeid,latlon,tz
0,10006,52.3805;4.9275,Europe/Amsterdam
1,10007,38.3205;-122.3225,America/Los_Angeles
2,10010,52.3475;4.9175,Europe/Amsterdam
3,10012,52.3685;4.8975,Europe/Amsterdam
4,10013,52.3685;5.2175,Europe/Amsterdam
5,10015,52.3695;5.2175,Europe/Amsterdam
6,10022,51.2285;6.0385,Europe/Amsterdam
7,10028,50.1115;8.6685,Europe/Berlin
8,10046,52.0905;5.1195,Europe/Amsterdam
9,10048,50.9415;-1.4405,Europe/London
10,10089,51.5415;-0.0885,Europe/London
11,10099,33.8415;-84.3385,America/New_York
12,10101,52.3575;4.6075,Europe/Amsterdam
13,10108,51.5315;-0.0725,Europe/London
14,10138,42.3815;-71.0915,America/New_York
15,10142,51.7385;-1.2605,Europe/London
16,10151,50.9375;-1.2005,Europe/London
17,10208,52.0615;4.9175,Europe/Amsterdam
18,10223,50.6185;3.0585,Europe/Paris
19,10227,51.2705;4.7085,Europe/Brussels
20,10251,49.0375;12.0995,Europe/Berlin
21,10267,46.8305;-1.8995,Europe/Paris
22,10273,52.3085;4.8705,Europe/Amsterdam
23,10286,39.0305;-87.1685,America/Indiana/Indianapolis
24,10318,39.9515;-75.1625,America/New_York
25,10322,42.0385;-71.0615,America/New_York
26,10328,39.9515;-75.1715,America/New_York
27,10333,39.9485;-75.1615,America/New_York
28,10350,37.6875;-77.3405,America/New_York
29,10355,39.9195;-75.3905,America/New_York
30,10357,39.0705;-75.6305,America/New_York
31,10360,40.0375;-76.3095,America/New_York
32,10378,39.0515;-77.4895,America/New_York
33,10381,37.5575;-122.3285,America/Los_Angeles
34,10399,40.1415;-75.5485,America/New_York
35,10459,42.2215;-86.3005,America/Detroit
36,10482,39.8585;-75.3385,America/New_York
37,10485,40.0095;-74.9285,America/New_York
38,10486,48.2905;-122.6385,America/Los_Angeles
39,10490,39.9475;-75.1585,America/New_York
40,10491,39.9475;-75.1585,America/New_York
41,10515,26.6395;-80.1425,America/New_York
42,10517,42.5905;-83.1825,America/Detroit
43,10518,45.0315;-93.3625,America/Chicago
44,10540,42.0075;-88.1105,America/Chicago
45,10544,42.0695;-87.6905,America/Chicago
46,10545,41.3195;-88.1405,America/Chicago
47,10546,19.7305;-155.0905,Pacific/Honolulu
48,10550,47.7675;-117.3605,America/Los_Angeles
49,10553,41.3685;-73.4105,America/New_York
50,10556,41.8505;-87.9605,America/Chicago
51,10557,40.2005;-77.1905,America/New_York
52,10559,42.9815;-82.4305,America/Detroit
53,10561,39.0575;-75.4895,America/New_York
54,10562,42.0285;-87.6895,America/Chicago
55,10576,38.8105;-77.5995,America/New_York
56,10579,42.8015;-83.0095,America/Detroit
57,10581,42.6875;-83.4085,America/Detroit
58,10583,33.9885;-83.8985,America/New_York
59,10599,39.5815;-74.2285,America/New_York
60,10632,51.2785;-0.9515,Europe/London
61,10637,41.1805;-111.9115,America/Denver
62,10645,48.8295;2.2995,Europe/Paris
63,10673,49.4885;0.8005,Europe/Paris
64,10678,51.6415;7.8505,Europe/Berlin
65,10694,38.9695;-77.3885,America/New_York
66,10733,50.8285;4.7185,Europe/Brussels
67,10738,49.7915;9.6185,Europe/Berlin
68,10743,47.6185;-122.3105,America/Los_Angeles
69,10751,39.1075;-77.0005,America/New_York
70,10755,51.9395;7.6295,Europe/Berlin
71,10811,48.8875;9.1975,Europe/Berlin
72,10816,48.7605;2.0375,Europe/Paris
73,10826,50.0005;8.8785,Europe/Berlin
74,10884,42.3195;-71.4385,America/New_York
75,10920,48.3375;10.4485,Europe/Berlin
76,10923,49.3685;6.1085,Europe/Paris
77,10952,43.6085;3.8895,Europe/Paris
78,10953,50.2585;-5.0505,Europe/London
79,10963,37.7485;-122.4195,America/Los_Angeles
80,10978,50.5915;9.5405,Europe/Berlin
81,10982,47.6485;6.8615,Europe/Paris
82,10998,51.0415;5.2415,Europe/Brussels
83,11010,39.9175;-75.3925,America/New_York
84,11022,47.2585;-1.6315,Europe/Paris
85,11036,52.2105;1.5685,Europe/London
86,11069,49.8815;11.0205,Europe/Berlin
87,11075,52.2695;8.8305,Europe/Berlin
88,11105,43.2995;-0.3725,Europe/Paris
89,11118,49.6815;5.8175,Europe/Brussels
90,11134,53.3495;-6.2615,Europe/Dublin
91,11144,51.9195;4.4795,Europe/Amsterdam
92,11162,51.0185;3.9605,Europe/Brussels
93,11179,51.5115;-0.1195,Europe/London
94,11189,50.9515;5.2715,Europe/Brussels
95,11194,48.9995;8.3715,Europe/Berlin
96,11210,52.4575;13.6975,Europe/Berlin
97,11220,51.8775;5.9685,Europe/Amsterdam
98,11243,48.6685;7.8195,Europe/Paris
99,11264,51.0595;8.8005,Europe/Berlin
100,11272,51.0385;3.7205,Europe/Brussels
101,11296,48.2705;8.8515,Europe/Berlin
102,11323,50.9585;4.2285,Europe/Brussels
103,11334,50.4195;9.5585,Europe/Berlin
104,11461,51.1375;-0.4795,Europe/London
105,11484,51.1795;4.8415,Europe/Brussels
106,11536,37.3905;-122.0815,America/Los_Angeles
107,11540,52.3675;4.8995,Europe/Amsterdam
108,11550,38.9675;-77.3105,America/New_York
109,11571,51.0475;3.7005,Europe/Brussels
110,11573,51.0285;4.1105,Europe/Brussels
111,11577,51.1505;4.4305,Europe/Brussels
112,11578,51.0515;3.7305,Europe/Brussels
113,11587,51.1505;3.5715,Europe/Brussels
114,11632,47.2085;-1.5315,Europe/Paris
115,11633,50.9985;4.8685,Europe/Brussels
116,11663,51.1285;4.3405,Europe/Brussels
117,11667,51.2105;4.2305,Europe/Brussels
118,11671,52.0875;5.1105,Europe/Amsterdam
119,11678,51.0515;3.6505,Europe/Brussels
120,11703,51.0685;4.0275,Europe/Brussels
121,11720,48.8775;2.3785,Europe/Paris
122,11722,45.1785;5.7585,Europe/Paris
123,11738,51.1915;5.0485,Europe/Brussels
124,11748,52.0815;4.3195,Europe/Amsterdam
125,11765,40.5495;-80.1895,America/New_York
126,11790,43.5975;1.4415,Europe/Paris
127,11799,49.4015;8.8015,Europe/Berlin
128,11800,49.3975;8.6875,Europe/Berlin
129,11812,41.8885;-84.6325,America/Detroit
130,11814,34.0895;-117.7125,America/Los_Angeles
131,11815,48.1295;11.5375,Europe/Berlin
132,11828,49.7715;4.7085,Europe/Paris
133,11833,51.1985;4.3985,Europe/Brussels
134,11835,51.0795;3.6885,Europe/Brussels
135,11841,50.6875;3.1495,Europe/Paris
136,11842,37.3385;-121.8905,America/Los_Angeles
137,11870,52.1275;5.1505,Europe/Amsterdam
138,11909,51.3815;7.7975,Europe/Berlin
139,11914,53.8295;-1.1325,Europe/London
140,11924,51.6595;6.6585,Europe/Berlin
141,11936,49.0105;8.3785,Europe/Berlin
142,11939,51.0915;4.9085,Europe/Brussels
143,11952,50.0185;8.7895,Europe/Berlin
144,11974,50.7395;7.1505,Europe/Berlin
145,11985,40.1795;-75.5385,America/New_York
146,11989,37.4015;-122.0985,America/Los_Angeles
147,11997,50.4205;-5.0685,Europe/London
148,11999,51.3715;0.0715,Europe/London
149,12012,40.4485;-74.3925,America/New_York
150,12014,47.3295;5.0775,Europe/Paris
151,12016,42.3705;-71.0425,America/New_York
152,12020,49.3875;2.1385,Europe/Paris
153,12033,48.6985;2.1085,Europe/Paris
154,12037,45.7805;3.0885,Europe/Paris
155,12049,52.2315;-0.2505,Europe/London
156,12060,42.0375;-88.2795,America/Chicago
157,12070,33.8275;-84.5395,America/New_York
158,12111,51.6575;6.4475,Europe/Berlin
159,12115,40.6995;-74.2625,America/New_York
160,12116,34.0005;-118.4625,America/Los_Angeles
161,12119,39.4515;-76.6525,America/New_York
162,12134,32.7895;-115.5615,America/Los_Angeles
163,12142,48.8885;2.3195,Europe/Paris
164,12144,33.7495;-84.3905,America/New_York
165,12154,32.7795;-117.1505,America/Los_Angeles
166,12155,40.7095;-73.3805,America/New_York
167,12166,41.8305;-86.2495,America/Detroit
168,12173,47.2285;8.8205,Europe/Zurich
169,12177,50.9605;9.7605,Europe/Berlin
170,12180,36.0575;-86.9385,America/Chicago
171,12185,37.8795;-122.2785,America/Los_Angeles
172,12215,37.7695;-122.4525,America/Los_Angeles
173,12225,49.8595;8.6485,Europe/Berlin
174,12234,55.7495;-3.3515,Europe/London
175,12237,51.0205;3.7185,Europe/Brussels
176,12239,48.7415;9.0885,Europe/Berlin
177,12266,51.2005;4.4405,Europe/Brussels
178,12274,39.2995;-76.6095,America/New_York
179,12297,40.3605;-74.6685,America/New_York
180,12298,52.5415;13.4015,Europe/Berlin
181,12299,37.3915;-122.0785,America/Los_Angeles
182,12303,37.0885;-95.7125,America/Chicago
183,12313,50.6785;3.1775,Europe/Paris
184,12317,52.0205;-0.2325,Europe/London
185,12329,46.5315;5.4885,Europe/Paris
186,12339,48.6715;6.1485,Europe/Paris
187,12360,48.7475;2.3005,Europe/Paris
188,12374,51.8795;-2.0395,Europe/London
189,12382,51.2185;4.4015,Europe/Brussels
190,12392,48.8485;2.6415,Europe/Paris
191,12438,46.3115;4.8385,Europe/Paris
192,12452,41.8485;-87.7905,America/Chicago
193,12454,47.5495;21.5995,Europe/Budapest
194,12459,39.1015;-77.5705,America/New_York
195,12474,48.7995;2.3605,Europe/Paris
196,12479,51.7515;-1.2595,Europe/London
197,12517,37.8705;-122.2725,America/Los_Angeles
198,12518,40.1215;-74.6525,America/New_York
199,12521,45.5175;-122.9915,America/Los_Angeles
200,12533,38.8585;-94.4115,America/Chicago
201,12565,40.6495;-111.9695,America/Denver
202,12609,39.8815;-105.1025,America/Denver
203,12611,47.9675;-122.2125,America/Los_Angeles
204,12620,30.0075;-95.4615,America/Chicago
205,12621,39.2575;-123.2215,America/Los_Angeles
206,12652,47.7185;-122.1905,America/Los_Angeles
207,12655,37.3995;-121.8605,America/Los_Angeles
208,12671,37.3375;-121.8895,America/Los_Angeles
209,12677,39.7705;-121.6095,America/Los_Angeles
210,12680,44.9575;-93.2685,America/Chicago
211,12681,47.6775;-122.3885,America/Los_Angeles
212,12684,41.5095;-73.5685,America/New_York
213,12686,41.6205;-73.7085,America/New_York
214,12695,39.9195;-75.3885,America/New_York
215,12703,51.0585;5.2075,Europe/Brussels
216,12732,51.8085;-0.8415,Europe/London
217,12735,19.6695;-155.9815,Pacific/Honolulu
218,12736,51.2105;4.4285,Europe/Brussels
219,12755,50.9395;-1.4005,Europe/London
220,12760,45.9175;6.1305,Europe/Paris
221,12774,47.2995;-1.5495,Europe/Paris
222,12788,37.7815;-122.4885,America/Los_Angeles
223,12800,43.5975;1.4375,Europe/Paris
224,12879,42.8415;-72.5895,America/New_York
225,12892,48.8285;2.3315,Europe/Paris
226,12910,46.3075;4.8275,Europe/Paris
227,12919,48.8615;2.3475,Europe/Paris
228,12921,45.7475;4.8385,Europe/Paris
229,12943,51.7985;-4.9705,Europe/London
230,12948,51.6515;-4.8605,Europe/London
231,12979,46.3315;6.0605,Europe/Paris
232,12984,37.7695;-122.4185,America/Los_Angeles
233,13018,48.8215;2.2675,Europe/Paris
234,13040,45.9075;6.6295,Europe/Paris
235,13045,52.3195;4.8695,Europe/Amsterdam
236,13062,51.5185;-3.4995,Europe/London
237,13077,51.7905;-3.9895,Europe/London
238,13106,49.3905;8.7875,Europe/Berlin
239,13128,39.0015;-77.0715,America/New_York
240,13191,37.3875;-122.1085,America/Los_Angeles
241,13201,54.3075;10.1175,Europe/Berlin
242,13230,48.2875;4.0585,Europe/Paris
243,13242,50.9985;4.2995,Europe/Brussels
244,13253,37.2785;-121.8605,America/Los_Angeles
245,13275,51.8695;-2.1695,Europe/London
246,13291,44.4175;26.0315,Europe/Bucharest
247,13302,50.2485;8.0675,Europe/Berlin
248,13307,50.6405;3.1075,Europe/Paris
249,13314,50.7795;12.0575,Europe/Berlin
250,13318,39.4815;-76.2825,America/New_York
251,13328,35.9015;-106.3215,America/Denver
252,13335,52.1995;0.1285,Europe/London
253,13339,53.4215;-7.9215,Europe/Dublin
254,13358,52.1815;4.4995,Europe/Amsterdam
255,13360,50.8275;3.2605,Europe/Brussels
256,13370,47.5475;21.6005,Europe/Budapest
257,13405,51.2495;6.9775,Europe/Berlin
258,13407,47.2205;-1.5525,Europe/Paris
259,13430,51.1175;6.9485,Europe/Berlin
260,13436,48.9305;2.3485,Europe/Paris
261,13439,47.9815;-1.7215,Europe/Paris
262,13467,48.8305;2.4905,Europe/Paris
263,13484,50.2795;-3.7785,Europe/London
264,13496,51.7805;5.8515,Europe/Amsterdam
265,13538,52.0515;4.4585,Europe/Amsterdam
266,13573,48.7285;10.7705,Europe/Berlin
267,13608,1.3315;103.8575,Asia/Singapore
268,13615,50.9495;4.0475,Europe/Brussels
269,13630,50.8575;4.6985,Europe/Brussels
270,13639,34.1315;-84.1415,America/New_York
271,13645,51.0595;3.7095,Europe/Brussels
272,13651,35.8475;-86.3905,America/Chicago
273,13654,41.3695;-73.4305,America/New_York
274,13662,51.6285;8.5105,Europe/Berlin
275,13667,38.8505;-77.4495,America/New_York
276,13671,44.0575;-123.1095,America/Los_Angeles
277,13676,38.4605;-75.2195,America/New_York
278,13680,51.0275;4.6115,Europe/Brussels
279,13681,42.7275;-84.5485,America/Detroit
280,13694,33.0395;-96.7885,America/Chicago
281,13696,45.4405;6.0115,Europe/Paris
282,13715,51.1695;4.4375,Europe/Brussels
283,13717,34.0505;-84.3325,America/New_York
284,13759,48.6915;6.1695,Europe/Paris
285,13826,37.0505;-122.0715,America/Los_Angeles
286,13837,43.5805;7.1285,Europe/Paris
287,13838,38.8815;-77.1115,America/New_York
288,13847,48.7105;6.1795,Europe/Paris
289,13859,43.6615;7.1495,Europe/Paris
290,13877,45.7705;4.8905,Europe/Paris
291,13928,50.8415;4.3585,Europe/Brussels
292,13933,49.6685;15.3985,Europe/Prague
293,13950,52.3775;9.7295,Europe/Berlin
294,14008,51.5415;-2.5725,Europe/London
295,14027,1.3605;103.6885,Asia/Singapore
296,14028,52.3715;4.9085,Europe/Amsterdam
297,14037,48.8105;2.2385,Europe/Paris
298,14039,48.7815;1.9585,Europe/Paris
299,14040,48.8275;2.3495,Europe/Paris
300,14043,48.7885;2.3595,Europe/Paris
301,14049,48.7515;2.2095,Europe/Paris
302,14072,52.0985;5.1105,Europe/Amsterdam
303,14076,1.3205;103.9205,Asia/Singapore
304,14085,1.2795;103.8515,Asia/Singapore
305,14118,52.0715;4.2975,Europe/Amsterdam
306,14164,47.6595;-117.1495,America/Los_Angeles
307,14166,47.6505;-117.1695,America/Los_Angeles
308,14183,1.3185;103.7415,Asia/Singapore
309,14184,1.3795;103.8415,Asia/Singapore
310,14200,1.3775;103.7475,Asia/Singapore
311,14205,51.4495;-0.3525,Europe/London
312,14207,55.9405;-3.2025,Europe/London
313,14216,49.0105;12.1175,Europe/Berlin
314,14218,48.8915;2.3375,Europe/Paris
315,14232,47.4185;8.3985,Europe/Zurich
316,14233,39.6685;-105.1015,America/Denver
317,14235,42.4195;-71.6815,America/New_York
318,14237,38.8105;-77.6415,America/New_York
319,14242,47.7585;-122.2305,America/Los_Angeles
320,14248,53.2415;10.4095,Europe/Berlin
321,14249,34.2015;-118.5005,America/Los_Angeles
322,14266,51.5305;-0.2195,Europe/London
323,14277,37.7705;-122.4495,America/Los_Angeles
324,14284,34.0995;-118.2985,America/Los_Angeles
325,14301,47.4175;8.3975,Europe/Zurich
326,14311,46.4175;-1.4925,Europe/Paris
327,14315,52.0095;8.5375,Europe/Berlin
328,14322,55.9385;-3.2115,Europe/London
329,14328,51.4915;0.3185,Europe/London
330,14331,47.6475;-2.0915,Europe/Paris
331,14333,52.3385;4.9685,Europe/Amsterdam
332,14335,1.2795;103.8485,Asia/Singapore
333,14342,48.1185;-1.6505,Europe/Paris
334,14346,51.8605;4.3495,Europe/Amsterdam
335,14353,51.4485;7.3295,Europe/Berlin
336,14359,50.7315;7.8295,Europe/Berlin
337,14362,34.3785;-118.5495,America/Los_Angeles
338,14369,52.5315;13.3505,Europe/Berlin
339,14373,47.3885;0.6805,Europe/Paris
340,14377,52.5305;13.3505,Europe/Berlin
341,14378,51.1715;4.7405,Europe/Brussels
342,14396,1.3405;103.9615,Asia/Singapore
343,14423,55.3785;-3.4415,Europe/London
344,14475,48.2195;-0.9895,Europe/Paris
345,14481,48.8875;2.3615,Europe/Paris
346,14502,52.4885;13.3975,Europe/Berlin
347,14544,51.4295;-0.5705,Europe/London
348,14569,51.7915;-4.4095,Europe/London
349,14582,51.7285;-4.9185,Europe/London
350,14583,37.2185;-121.8485,America/Los_Angeles
351,14605,54.9695;-2.0125,Europe/London
352,14606,44.9505;-93.1825,America/Chicago
353,14616,51.4405;5.4675,Europe/Amsterdam
354,14626,1.2805;103.8485,Asia/Singapore
355,14630,47.9975;-4.1015,Europe/Paris
356,14631,51.5475;-0.2315,Europe/London
357,14635,48.3095;11.8985,Europe/Berlin
358,14637,47.4205;0.6985,Europe/Paris
359,14647,51.2005;2.8595,Europe/Brussels
360,14652,47.0585;9.0495,Europe/Zurich
361,14660,49.5875;11.0105,Europe/Berlin
362,14661,52.3675;4.8505,Europe/Amsterdam
363,14663,34.0185;-118.4295,America/Los_Angeles
364,14673,38.4885;-121.5195,America/Los_Angeles
365,14682,51.7385;-0.2985,Europe/London
366,14694,52.5895;13.4315,Europe/Berlin
367,14719,48.3915;11.7375,Europe/Berlin
368,14743,52.3885;4.8795,Europe/Amsterdam
369,14752,50.1085;8.6795,Europe/Berlin
370,14777,42.4005;-71.0895,America/New_York
371,14785,53.3095;-6.2585,Europe/Dublin
372,14796,41.9005;-87.9385,America/Chicago
373,14803,52.2785;10.5175,Europe/Berlin
374,14822,51.0385;3.7285,Europe/Brussels
375,14856,38.5405;-121.7405,America/Los_Angeles
376,14880,51.3875;-0.9685,Europe/London
377,14923,50.8285;3.9985,Europe/Brussels
378,14924,53.3295;-6.2515,Europe/Dublin
379,14941,50.8375;-0.1305,Europe/London
380,14985,50.4995;4.4715,Europe/Brussels
381,14986,51.0305;4.4815,Europe/Brussels
382,15018,51.1315;5.4475,Europe/Brussels
383,15019,50.9315;4.2175,Europe/Brussels
384,15036,52.0405;5.0685,Europe/Amsterdam
385,15038,45.0715;-92.8615,America/Chicago
386,15044,52.0295;5.0895,Europe/Amsterdam
387,15054,48.1995;16.4095,Europe/Vienna
388,15060,33.8175;-117.8195,America/Los_Angeles
389,15061,40.4775;-88.9895,America/Chicago
390,15073,53.9185;10.3205,Europe/Berlin
391,15078,33.9815;-118.2295,America/Los_Angeles
392,15092,1.3285;103.7215,Asia/Singapore
393,15093,52.3385;6.0515,Europe/Amsterdam
394,15096,43.2905;-0.3985,Europe/Paris
395,15097,1.2805;103.8515,Asia/Singapore
396,15107,52.0605;4.5175,Europe/Amsterdam
397,15109,52.3115;5.0375,Europe/Amsterdam
398,15111,20.8875;-156.4725,Pacific/Honolulu
399,15126,49.0505;7.2685,Europe/Paris
400,15128,49.4515;10.9185,Europe/Berlin
401,15132,52.1085;5.1785,Europe/Amsterdam
402,15133,45.4485;-122.7915,America/Los_Angeles
403,15135,51.3195;4.9385,Europe/Brussels
404,15137,53.5505;9.9885,Europe/Berlin
405,15143,50.1185;8.6595,Europe/Berlin
406,15149,57.1415;-2.1105,Europe/London
407,15164,49.3495;6.1605,Europe/Paris
408,15172,37.3285;-122.0595,America/Los_Angeles
409,15198,52.3615;4.8115,Europe/Amsterdam
410,15222,34.0485;-118.2415,America/Los_Angeles
411,15324,51.1495;2.9385,Europe/Brussels
412,15344,52.2695;-1.6105,Europe/London
413,15389,52.3315;4.9615,Europe/Amsterdam
414,15424,43.8395;4.3885,Europe/Paris
415,15463,52.0585;4.3305,Europe/Amsterdam
416,15540,48.6775;2.3495,Europe/Paris
417,15550,38.6875;-121.4305,America/Los_Angeles
418,15596,51.7205;5.8915,Europe/Amsterdam
419,15627,53.3405;-6.2615,Europe/Dublin
420,15686,51.3805;0.5215,Europe/London
421,15698,52.0315;5.5515,Europe/Amsterdam
422,15700,52.1375;4.6475,Europe/Amsterdam
423,15703,51.9285;4.8075,Europe/Amsterdam
424,15712,49.1985;7.8875,Europe/Berlin
425,15716,49.8605;8.6175,Europe/Berlin
426,15749,34.1015;-117.8905,America/Los_Angeles
427,15753,51.9285;5.7095,Europe/Amsterdam
428,15754,50.8495;4.3495,Europe/Brussels
429,15797,52.3805;5.2015,Europe/Amsterdam
430,15809,50.7815;6.0975,Europe/Berlin
431,15818,49.6915;12.1375,Europe/Berlin
432,15820,48.7875;2.3985,Europe/Paris
433,15843,45.7385;4.8695,Europe/Paris
434,15845,50.7195;-1.9005,Europe/London
435,15852,48.3785;-4.6205,Europe/Paris
436,15864,50.7195;7.1105,Europe/Berlin
437,15880,45.9975;2.0015,Europe/Paris
438,15893,47.3285;5.0615,Europe/Paris
439,15896,48.8205;2.3315,Europe/Paris
440,15925,51.4495;6.7385,Europe/Berlin
441,15931,1.3675;103.7985,Asia/Singapore
442,15932,33.7785;-84.3815,America/New_York
443,15941,48.3575;-3.7405,Europe/Paris
444,15948,29.7315;-95.5405,America/Chicago
445,15950,52.2275;-3.3705,Europe/London
446,15958,34.4615;-118.5405,America/Los_Angeles
447,15967,42.3505;-71.0495,America/New_York
448,15977,49.0305;2.3405,Europe/Paris
449,16007,48.8005;2.3475,Europe/Paris
450,16015,47.3095;6.2275,Europe/Paris
451,16020,48.8475;2.4285,Europe/Paris
452,16021,51.4975;-0.1315,Europe/London
453,16024,37.8695;-122.2715,America/Los_Angeles
454,16032,49.4485;11.0785,Europe/Berlin
455,16047,48.3005;4.0795,Europe/Paris
456,16049,51.2315;4.8195,Europe/Brussels
457,16050,30.2975;-81.6505,America/New_York
458,16052,48.0785;-1.7205,Europe/Paris
459,16063,53.3285;-6.2495,Europe/Dublin
460,16064,51.5095;10.0305,Europe/Berlin
461,16065,21.5495;-158.0295,Pacific/Honolulu
462,16068,38.9515;-77.3395,America/New_York
463,16070,46.5475;6.5705,Europe/Zurich
464,16071,38.9875;-77.4795,America/New_York
465,16075,43.6295;1.4405,Europe/Paris
466,16079,53.5515;9.9405,Europe/Berlin
467,16081,48.7075;2.2615,Europe/Paris
468,16082,51.1985;7.1315,Europe/Berlin
469,16085,1.3895;103.9015,Asia/Singapore
470,16093,48.8785;2.3315,Europe/Paris
471,16118,46.5615;6.0675,Europe/Paris
472,16126,51.2805;7.2385,Europe/Berlin
473,16137,47.2105;8.7085,Europe/Zurich
474,16146,48.6705;2.1295,Europe/Paris
475,16149,51.5615;9.9395,Europe/Berlin
476,16154,51.7595;-2.5505,Europe/London
477,16179,50.6215;3.0705,Europe/Paris
478,16198,47.6915;-122.2885,America/Los_Angeles
479,16233,52.4985;5.7485,Europe/Amsterdam
480,16248,47.3815;8.5495,Europe/Zurich
481,16259,52.2415;5.1195,Europe/Amsterdam
482,16281,50.6075;5.2715,Europe/Brussels
483,16286,51.0105;11.0015,Europe/Berlin
484,16295,50.8295;4.0015,Europe/Brussels
485,16297,49.3305;6.8715,Europe/Berlin
486,16306,53.5905;6.6575,Europe/Berlin
487,16312,51.4985;-0.1325,Europe/London
488,16317,51.8005;10.3275,Europe/Berlin
489,16503,49.8585;8.6375,Europe/Berlin
490,16505,50.1295;8.6975,Europe/Berlin
491,16519,50.1415;8.5575,Europe/Berlin
492,16651,51.4975;-0.1305,Europe/London
493,16667,50.7405;7.2005,Europe/Berlin
494,16670,48.8875;2.4105,Europe/Paris
495,16693,47.8285;11.9515,Europe/Berlin
496,16703,48.2585;-1.4025,Europe/Paris
497,16713,48.1185;-1.6825,Europe/Paris
498,16717,48.7905;2.1875,Europe/Paris
499,16747,49.9905;8.3595,Europe/Berlin
500,16748,48.8815;2.3495,Europe/Paris
501,16800,49.4275;1.0775,Europe/Paris
502,16801,43.5675;1.3475,Europe/Paris
503,16802,52.4985;5.7475,Europe/Amsterdam
504,16803,52.0085;4.7075,Europe/Amsterdam
505,16804,52.9095;-1.4925,Europe/London
506,16806,48.2805;3.1975,Europe/Paris
507,16809,47.3215;-2.4525,Europe/Paris
508,16813,48.6785;2.4975,Europe/Paris
509,16818,45.6515;0.1475,Europe/Paris
510,16820,48.8775;2.3585,Europe/Paris
511,16823,45.7185;5.1685,Europe/Paris
512,16833,45.2085;5.7785,Europe/Paris
513,16840,48.8875;2.2195,Europe/Paris
514,16852,52.3085;5.0395,Europe/Amsterdam
515,16858,48.8915;2.2895,Europe/Paris
516,16859,46.8715;6.2195,Europe/Paris
517,16861,45.7175;4.8105,Europe/Paris
518,16871,48.7975;2.1405,Europe/Paris
519,16872,47.0885;-1.2995,Europe/Paris
520,16874,48.8195;1.9005,Europe/Paris
521,16879,49.1815;-0.3795,Europe/Paris
522,16880,48.6375;2.5115,Europe/Paris
523,16881,48.8175;2.3815,Europe/Paris
524,16888,55.3815;-3.4385,Europe/London
525,16890,53.3075;-6.2585,Europe/Dublin
526,16893,52.3685;9.7215,Europe/Berlin
527,16894,52.5195;13.3015,Europe/Berlin
528,16905,48.8395;2.2375,Europe/Paris
529,16907,43.8805;-0.5225,Europe/Paris
530,16909,42.0915;-87.9825,America/Chicago
531,16910,48.8775;2.3775,Europe/Paris
532,16917,46.6005;0.2775,Europe/Paris
533,16918,48.9015;2.3175,Europe/Paris
534,16921,52.4175;13.4485,Europe/Berlin
535,16923,48.8285;2.2585,Europe/Paris
536,16937,46.1205;6.0385,Europe/Paris
537,16946,43.4605;1.3495,Europe/Paris
538,16948,44.0715;0.6495,Europe/Paris
539,16949,33.7815;-117.8905,America/Los_Angeles
540,16953,41.8185;-89.7305,America/Chicago
541,16958,48.8315;2.3395,Europe/Paris
542,16959,50.7015;3.1495,Europe/Paris
543,16961,52.0875;5.2505,Europe/Amsterdam
544,16967,43.2905;5.6205,Europe/Paris
545,16968,52.2915;4.8705,Europe/Amsterdam
546,16973,47.2785;-2.2095,Europe/Paris
547,16974,45.3595;5.5905,Europe/Paris
548,16978,48.4715;7.7405,Europe/Paris
549,16981,49.3175;6.1715,Europe/Paris
550,16983,48.9285;2.1615,Europe/Paris
551,16987,47.8705;1.8815,Europe/Paris
552,16991,48.6275;2.4915,Europe/Paris
553,16992,45.7485;4.8615,Europe/Paris
554,17018,43.9515;2.2075,Europe/Paris
555,17019,49.5615;3.6075,Europe/Paris
556,17021,43.5975;1.4185,Europe/Paris
557,17024,49.2195;2.8785,Europe/Paris
558,17025,48.8195;2.4085,Europe/Paris
559,17026,48.9005;2.8685,Europe/Paris
560,17029,46.2615;5.6585,Europe/Paris
561,17032,45.6385;4.9485,Europe/Paris
562,17033,45.4385;4.3885,Europe/Paris
563,17035,46.3095;-0.5615,Europe/Paris
564,17036,48.9605;2.8785,Europe/Paris
565,17040,49.5375;0.1895,Europe/Paris
566,17042,47.3185;5.0195,Europe/Paris
567,17045,47.2895;4.9995,Europe/Paris
568,17046,48.8905;2.3495,Europe/Paris
569,17047,48.8505;2.2095,Europe/Paris
570,17048,50.6415;3.0195,Europe/Paris
571,17049,48.1515;4.8295,Europe/Paris
572,17053,43.7585;4.0095,Europe/Paris
573,17055,43.6395;5.0995,Europe/Paris
574,17056,48.1205;-1.7505,Europe/Paris
575,17058,48.4115;7.4295,Europe/Paris
576,17062,45.1785;5.7205,Europe/Paris
577,17063,49.6185;3.2305,Europe/Paris
578,17064,44.8395;-0.6895,Europe/Paris
579,17069,46.3015;-0.8095,Europe/Paris
580,17070,48.5375;0.3605,Europe/Paris
581,17072,48.4785;2.5605,Europe/Paris
582,17074,49.0495;2.0105,Europe/Paris
583,17076,47.9505;1.8805,Europe/Paris
584,17077,49.2705;4.0305,Europe/Paris
585,17078,49.7615;4.6305,Europe/Paris
586,17086,44.6305;-1.0685,Europe/Paris
587,17091,46.8075;0.5615,Europe/Paris
588,17093,48.8085;2.0615,Europe/Paris
589,17097,48.8805;2.3515,Europe/Paris
590,17098,43.6015;7.0115,Europe/Paris
591,17099,49.2815;-0.6985,Europe/Paris
592,17101,45.7475;5.1675,Europe/Paris
593,17104,48.5995;2.4275,Europe/Paris
594,17105,43.0895;5.8175,Europe/Paris
595,17108,50.6715;3.2075,Europe/Paris
596,17109,48.9815;1.9775,Europe/Paris
597,17110,45.7375;4.8575,Europe/Paris
598,17111,49.2075;4.0175,Europe/Paris
599,17114,43.5895;1.4175,Europe/Paris
600,17115,50.5695;3.1675,Europe/Paris
601,17121,48.8175;2.2985,Europe/Paris
602,17123,48.8485;2.5385,Europe/Paris
603,17124,48.8395;2.3185,Europe/Paris
604,17128,48.8615;2.3485,Europe/Paris
605,17129,48.7615;2.2885,Europe/Paris
606,17130,48.6575;2.2685,Europe/Paris
607,17131,47.1075;-1.1215,Europe/Paris
608,17132,48.7985;7.9885,Europe/Paris
609,17133,49.2485;4.0485,Europe/Paris
610,17138,48.4015;7.4985,Europe/Paris
611,17140,43.5775;1.4695,Europe/Paris
612,17143,45.2985;5.6295,Europe/Paris
613,17145,47.2395;-1.5805,Europe/Paris
614,17146,49.6405;-1.5705,Europe/Paris
615,17147,48.4805;2.3295,Europe/Paris
616,17148,47.6415;7.2295,Europe/Paris
617,17149,46.8615;-0.4505,Europe/Paris
618,17151,49.5175;5.7595,Europe/Paris
619,17153,48.8585;2.3795,Europe/Paris
620,17154,48.8095;7.7895,Europe/Paris
621,17157,43.5505;5.1895,Europe/Paris
622,17158,48.9915;2.2795,Europe/Paris
623,17159,48.5315;3.3095,Europe/Paris
624,17162,48.5285;-2.5695,Europe/Paris
625,17165,48.8195;2.3805,Europe/Paris
626,17171,48.6875;7.8905,Europe/Paris
627,17174,45.5595;5.9705,Europe/Paris
628,17175,47.8395;1.9305,Europe/Paris
629,17179,48.8915;2.3505,Europe/Paris
630,17181,43.6375;1.4515,Europe/Paris
631,17183,49.3285;1.4215,Europe/Paris
632,17189,50.4915;3.2515,Europe/Paris
633,17196,50.5905;3.1215,Europe/Paris
634,17200,48.7975;2.1275,Europe/Paris
635,17202,48.9385;2.5675,Europe/Paris
636,17204,45.7595;4.8375,Europe/Paris
637,17207,48.6405;4.9475,Europe/Paris
638,17208,48.8915;2.8275,Europe/Paris
639,17209,45.7515;4.8475,Europe/Paris
640,17211,47.8775;1.8775,Europe/Paris
641,17212,43.5685;1.4675,Europe/Paris
642,17214,48.7895;2.6175,Europe/Paris
643,17217,45.6105;5.7375,Europe/Paris
644,17220,50.6475;3.0285,Europe/Paris
645,17221,43.6175;3.8485,Europe/Paris
646,17225,48.7995;2.2585,Europe/Paris
647,17227,45.0605;-0.7015,Europe/Paris
648,17228,49.2415;2.4585,Europe/Paris
649,17233,44.6085;4.8185,Europe/Paris
650,17236,43.3705;5.6385,Europe/Paris
651,17237,45.2705;1.3985,Europe/Paris
652,17238,46.2615;5.6585,Europe/Paris
653,17241,47.9075;2.1095,Europe/Paris
654,17243,45.7485;4.8895,Europe/Paris
655,17245,47.9195;1.9195,Europe/Paris
656,17247,48.8605;2.3495,Europe/Paris
657,17250,50.6775;10.9195,Europe/Berlin
658,17252,51.4885;10.0895,Europe/Berlin
659,17253,45.1885;5.7295,Europe/Paris
660,17262,48.9585;-0.3995,Europe/Paris
661,17273,43.4585;5.4705,Europe/Paris
662,17276,48.9105;2.2905,Europe/Paris
663,17278,43.6015;1.4105,Europe/Paris
664,17279,48.2115;-1.5095,Europe/Paris
665,17283,52.7785;6.9315,Europe/Amsterdam
666,17302,48.8485;2.3575,Europe/Paris
667,17327,45.4505;4.3785,Europe/Paris
668,17329,33.6415;-117.8815,America/Los_Angeles
669,17342,50.4085;4.5095,Europe/Brussels
670,17348,48.6715;2.0495,Europe/Paris
671,17349,43.6115;1.4495,Europe/Paris
672,17373,44.3285;4.6305,Europe/Paris
673,17375,43.6595;5.0905,Europe/Paris
674,17380,51.4775;-0.9885,Europe/London
675,17389,43.1315;5.9115,Europe/Paris
676,17390,50.7075;4.3815,Europe/Brussels
677,17392,51.9585;-0.4885,Europe/London
678,17393,48.8285;2.5115,Europe/Paris
679,17394,50.7395;4.9015,Europe/Brussels
680,17397,43.4905;5.3515,Europe/Paris
681,17410,38.8375;-77.1525,America/New_York
682,17483,47.6085;-122.3285,America/Los_Angeles
683,17543,48.0685;-2.8805,Europe/Paris
684,17555,48.8195;2.4795,Europe/Paris
685,17569,48.6415;6.0505,Europe/Paris
686,17570,48.8575;2.3805,Europe/Paris
687,17766,51.5905;4.6705,Europe/Amsterdam
688,17799,52.4915;13.4215,Europe/Berlin
689,17934,50.7995;4.4185,Europe/Brussels
690,17984,52.0995;5.2215,Europe/Amsterdam
